Delta,Time,CPU_FREQUENCY_0,CPU_FREQUENCY_1,CPU_FREQUENCY_10,CPU_FREQUENCY_11,CPU_FREQUENCY_2,CPU_FREQUENCY_3,CPU_FREQUENCY_4,CPU_FREQUENCY_5,CPU_FREQUENCY_6,CPU_FREQUENCY_7,CPU_FREQUENCY_8,CPU_FREQUENCY_9,CPU_USAGE_0,CPU_USAGE_1,CPU_USAGE_10,CPU_USAGE_11,CPU_USAGE_2,CPU_USAGE_3,CPU_USAGE_4,CPU_USAGE_5,CPU_USAGE_6,CPU_USAGE_7,CPU_USAGE_8,CPU_USAGE_9,DRAM_ENERGY (J),PACKAGE_ENERGY (J),PP0_ENERGY (J),PP1_ENERGY (J),TOTAL_MEMORY,TOTAL_SWAP,USED_MEMORY,USED_SWAP
0,1741708723126,2208,2208,2208,2208,2208,2208,2208,2208,2208,2208,2208,2208,31.822975158691406,11.337928771972656,12.868576049804688,4.658294677734375,77.29325866699219,4.015869140625,55.59422302246094,15.168418884277344,23.72808837890625,4.193511962890625,27.77484893798828,6.67236328125,3393.93896484375,28674.719482421875,24472.414489746094,168.7188720703125,34156867584,10737418240,22018117632,0
199,1741708723126,2208,2208,2208,2208,2208,2208,2208,2208,2208,2208,2208,2208,2.5115127563476563,0,1.319610595703125,6.839775085449219,19.9993896484375,0.03952789306640625,96.76482391357422,0.9334564208984375,3.6471710205078125,6.196693420410156,9.100448608398438,1.0246734619140625,3393.9522094726563,28674.780517578125,24472.461791992188,168.7188720703125,34156867584,10737418240,22019014656,0
199,1741708723327,2208,2208,2208,2208,2208,2208,2208,2208,2208,2208,2208,2208,12.330459594726563,3.2407989501953125,3.4677352905273438,7.969001770019531,17.31830596923828,5.44671630859375,6.332557678222656,5.856178283691406,4.805656433105469,3.2240066528320313,8.87750244140625,5.3793182373046875,3394.2606811523438,28675.948181152344,24473.271606445313,168.72216796875,34156867584,10737418240,22018412544,0
199,1741708723527,2208,2208,2208,2208,2208,2208,2208,2208,2208,2208,2208,2208,12.284439086914063,2.9599151611328125,4.2536773681640625,9.428367614746094,19.153213500976563,6.2836761474609375,7.191230773925781,5.0789031982421875,4.32373046875,7.482337951660156,7.0303497314453125,4.285972595214844,3394.5513305664063,28676.61737060547,24473.605346679688,168.72216796875,34156867584,10737418240,22018154496,0
199,1741708723728,2208,2208,2208,2208,2208,2208,2208,2208,2208,2208,2208,2208,9.667495727539063,2.7465133666992188,5.1102142333984375,6.9222869873046875,10.262474060058594,3.5115737915039063,17.56877899169922,5.417579650878906,11.762863159179688,2.58673095703125,6.410133361816406,2.0611648559570313,3394.8784790039063,28678.365783691406,24474.99102783203,168.728271484375,34156867584,10737418240,22029983744,0
200,1741708723928,2208,2208,2208,2208,2208,2208,2208,2208,2208,2208,2208,2208,7.935447692871094,6.227638244628906,5.68731689453125,9.123764038085938,16.15601348876953,5.5872955322265625,18.744834899902344,3.6468276977539063,8.550559997558594,5.8923187255859375,8.329795837402344,3.6464614868164063,3395.1959228515625,28679.21014404297,24475.473510742188,168.7373046875,34156867584,10737418240,22025244672,0
199,1741708724128,2208,2208,2208,2208,2208,2208,2208,2208,2208,2208,2208,2208,9.399696350097656,2.6751632690429688,8.12109375,16.076881408691406,20.763084411621094,7.664741516113281,12.077507019042969,5.894950866699219,9.41656494140625,5.77325439453125,10.477668762207031,5.966651916503906,3395.5382690429688,28680.21856689453,24476.100830078125,168.75115966796875,34156867584,10737418240,22020714496,0
200,1741708724328,2208,2208,2208,2208,2208,2208,2208,2208,2208,2208,2208,2208,18.45502471923828,17.842208862304688,8.71685791015625,26.779441833496094,17.949844360351563,6.036643981933594,11.272010803222656,4.701667785644531,7.77850341796875,4.457511901855469,10.973785400390625,6.276969909667969,3395.879638671875,28684.547973632813,24480.043701171875,168.7637939453125,34156867584,10737418240,22019919872,0
200,1741708724529,2208,2208,2208,2208,2208,2208,2208,2208,2208,2208,2208,2208,10.527931213378906,9.78656005859375,5.03564453125,11.819786071777344,20.169387817382813,6.630615234375,12.2344970703125,7.576850891113281,10.480972290039063,4.458198547363281,5.982521057128906,4.056404113769531,3396.2230224609375,28686.484008789063,24481.596130371094,168.77490234375,34156867584,10737418240,22020808704,0
199,1741708724729,2208,2208,2208,2208,2208,2208,2208,2208,2208,2208,2208,2208,11.492706298828125,2.0305557250976563,6.080757141113281,5.3618621826171875,15.73291015625,4.163871765136719,8.130401611328125,2.7483062744140625,10.273094177246094,4.3614654541015625,5.497856140136719,2.8930740356445313,3396.5631713867188,28688.2861328125,24483.024963378906,168.78485107421875,34156867584,10737418240,22029156352,0
200,1741708724930,2208,2208,2208,2208,2208,2208,2208,2208,2208,2208,2208,2208,12.77545166015625,4.1083221435546875,5.3621368408203125,6.775184631347656,22.066383361816406,4.222053527832031,11.580459594726563,4.958992004394531,8.166732788085938,4.789642333984375,7.774169921875,4.238189697265625,3396.8955078125,28689.141723632813,24483.509216308594,168.79510498046875,34156867584,10737418240,22020100096,0
200,1741708725130,2208,2208,2208,2208,2208,2208,2208,2208,2208,2208,2208,2208,9.614387512207031,2.6942062377929688,5.560638427734375,7.231956481933594,14.407806396484375,4.068351745605469,6.58111572265625,4.120979309082031,6.1755218505859375,2.9696197509765625,5.4898834228515625,6.2097625732421875,3397.2125854492188,28690.099487304688,24484.111755371094,168.79852294921875,34156867584,10737418240,22019596288,0
200,1741708725331,2208,2208,2208,2208,2208,2208,2208,2208,2208,2208,2208,2208,14.112327575683594,10.281410217285156,18.330665588378906,10.317764282226563,11.85272216796875,4.5745086669921875,11.379585266113281,3.9208831787109375,16.568336486816406,6.026519775390625,6.8416290283203125,8.514183044433594,3397.5325927734375,28691.212158203125,24484.861450195313,168.79852294921875,34156867584,10737418240,22018895872,0
200,1741708725532,2208,2208,2208,2208,2208,2208,2208,2208,2208,2208,2208,2208,12.803604125976563,6.7607421875,43.7344970703125,23.514190673828125,27.979347229003906,17.255592346191406,11.04736328125,6.298255920410156,49.609169006347656,25.253677368164063,3.1776123046875,2.2826614379882813,3397.8895263671875,28696.422973632813,24489.695251464844,168.80010986328125,34156867584,10737418240,22019477504,0
199,1741708725732,2208,2208,2208,2208,2208,2208,2208,2208,2208,2208,2208,2208,6.113250732421875,1.8749771118164063,4.690277099609375,5.43292236328125,6.646614074707031,3.92486572265625,9.195793151855469,1.9929046630859375,9.655723571777344,4.519615173339844,3.7118148803710938,5.4507904052734375,3398.2061157226563,28697.96502685547,24490.88348388672,168.80010986328125,34156867584,10737418240,22023266304,0
200,1741708725932,2208,2208,2208,2208,2208,2208,2208,2208,2208,2208,2208,2208,5.860328674316406,2.5661544799804688,26.89490509033203,10.092269897460938,11.413177490234375,19.864730834960938,3.7085418701171875,4.831718444824219,2.7559967041015625,1.5996017456054688,3.5317459106445313,10.463180541992188,3398.5195922851563,28700.376586914063,24492.947143554688,168.8018798828125,34156867584,10737418240,22010617856,0
199,1741708726133,2208,2208,2208,2208,2208,2208,2208,2208,2208,2208,2208,2208,10.52215576171875,3.3406829833984375,3.78570556640625,13.901405334472656,16.68791961669922,6.1206207275390625,5.936195373535156,6.802742004394531,5.369049072265625,3.4970245361328125,8.769950866699219,6.626152038574219,3398.8265991210938,28701.425170898438,24493.64794921875,168.8018798828125,34156867584,10737418240,22010068992,0
200,1741708726333,2208,2208,2208,2208,2208,2208,2208,2208,2208,2208,2208,2208,15.936080932617188,5.667549133300781,2.3250198364257813,10.504730224609375,10.031341552734375,4.207183837890625,8.09967041015625,5.371681213378906,5.9291229248046875,8.462593078613281,10.474403381347656,3.1128158569335938,3399.149658203125,28702.668884277344,24494.52520751953,168.80633544921875,34156867584,10737418240,21997412352,0
200,1741708726534,2208,2208,2208,2208,2208,2208,2208,2208,2208,2208,2208,2208,16.063934326171875,1.87469482421875,1.9038467407226563,14.548904418945313,13.413040161132813,5.336822509765625,7.5056610107421875,1.5333099365234375,2.8623199462890625,13.113014221191406,10.131996154785156,3.1343460083007813,3399.4730834960938,28703.85107421875,24495.319763183594,168.82586669921875,34156867584,10737418240,21997215744,0
199,1741708726735,2208,2208,2208,2208,2208,2208,2208,2208,2208,2208,2208,2208,9.143661499023438,5.313255310058594,2.494537353515625,8.984283447265625,14.29400634765625,5.3115692138671875,4.017158508300781,1.60186767578125,4.691413879394531,3.9696273803710938,9.045753479003906,4.6339263916015625,3399.7823486328125,28704.92657470703,24496.040100097656,168.82586669921875,34156867584,10737418240,21996335104,0
200,1741708726934,2208,2208,2208,2208,2208,2208,2208,2208,2208,2208,2208,2208,10.862503051757813,3.2601165771484375,3.8214187622070313,20.019271850585938,14.676254272460938,5.6076812744140625,5.880973815917969,3.2422637939453125,4.0916290283203125,3.9490890502929688,4.907615661621094,5.065437316894531,3400.0747680664063,28705.93487548828,24496.713989257813,168.82586669921875,34156867584,10737418240,21995958272,0
199,1741708727135,2208,2208,2208,2208,2208,2208,2208,2208,2208,2208,2208,2208,9.158607482910156,2.01300048828125,3.2310104370117188,6.094688415527344,8.137611389160156,5.8995513916015625,2.7267074584960938,1.6711273193359375,8.067741394042969,3.3797225952148438,4.8582916259765625,3.3509292602539063,3400.3839111328125,28707.306396484375,24497.733032226563,168.82763671875,34156867584,10737418240,21995020288,0
199,1741708727335,2208,2208,2208,2208,2208,2208,2208,2208,2208,2208,2208,2208,17.034469604492188,2.623443603515625,2.56268310546875,13.07476806640625,14.445350646972656,7.4323577880859375,6.70220947265625,5.20355224609375,3.9235687255859375,10.057472229003906,11.212882995605469,3.505096435546875,3400.7026977539063,28708.387268066406,24498.51678466797,168.82763671875,34156867584,10737418240,21994024960,0
203,1741708727535,2208,2208,2208,2208,2208,2208,2208,2208,2208,2208,2208,2208,24.945480346679688,7.841957092285156,15.866600036621094,36.662757873535156,29.60845184326172,21.535545349121094,12.770805358886719,7.9797515869140625,7.4641571044921875,11.21820068359375,17.238914489746094,6.524192810058594,3401.0798950195313,28711.54296875,24501.107543945313,168.8468017578125,34156867584,10737418240,21994156032,0
200,1741708727739,2208,2208,2208,2208,2208,2208,2208,2208,2208,2208,2208,2208,27.21129608154297,13.626243591308594,18.618446350097656,12.389427185058594,24.567947387695313,16.413558959960938,21.229576110839844,7.12652587890625,9.885345458984375,5.931922912597656,11.155601501464844,4.9659576416015625,3401.5489501953125,28716.946228027344,24505.625366210938,168.90673828125,34156867584,10737418240,21996331008,0
200,1741708727940,2208,2208,2208,2208,2208,2208,2208,2208,2208,2208,2208,2208,13.434921264648438,9.225791931152344,7.688285827636719,9.249755859375,16.85449981689453,13.408218383789063,13.9342041015625,4.664581298828125,5.136466979980469,9.628288269042969,14.934967041015625,4.481559753417969,3401.9061279296875,28721.32000732422,24509.57598876953,168.92266845703125,34156867584,10737418240,21994270720,0
199,1741708728141,2208,2208,2208,2208,2208,2208,2208,2208,2208,2208,2208,2208,12.373313903808594,5.763252258300781,4.760047912597656,8.311981201171875,20.72893524169922,6.5521392822265625,15.494438171386719,4.720802307128906,9.754257202148438,5.6166534423828125,7.172698974609375,4.656890869140625,3402.2490234375,28723.343811035156,24511.265075683594,168.93359375,34156867584,10737418240,21991858176,0
200,1741708728340,2208,2208,2208,2208,2208,2208,2208,2208,2208,2208,2208,2208,17.351898193359375,3.6815719604492188,2.9266815185546875,11.029716491699219,15.708198547363281,7.4948577880859375,16.27618408203125,3.3063812255859375,13.36639404296875,3.7153472900390625,7.805564880371094,6.026252746582031,3402.5582885742188,28724.36016845703,24511.892944335938,168.94366455078125,34156867584,10737418240,21989224448,0
199,1741708728541,2208,2208,2208,2208,2208,2208,2208,2208,2208,2208,2208,2208,13.662849426269531,2.0601654052734375,2.7163467407226563,10.435012817382813,20.779693603515625,4.448387145996094,11.337211608886719,1.3668212890625,13.933662414550781,4.946495056152344,7.121894836425781,5.563072204589844,3402.8812866210938,28725.395751953125,24512.562866210938,168.9527587890625,34156867584,10737418240,21987229696,0
200,1741708728741,2208,2208,2208,2208,2208,2208,2208,2208,2208,2208,2208,2208,19.57225799560547,10.257568359375,7.503486633300781,5.7803802490234375,13.28887939453125,5.928092956542969,15.876350402832031,10.119697570800781,12.582771301269531,3.9317169189453125,5.60296630859375,4.261863708496094,3403.20947265625,28726.85089111328,24513.65167236328,168.963623046875,34156867584,10737418240,22007111680,0
200,1741708728942,2208,2208,2208,2208,2208,2208,2208,2208,2208,2208,2208,2208,9.680267333984375,3.4464950561523438,4.5200653076171875,4.864662170410156,16.43596649169922,5.006500244140625,15.466743469238281,1.421905517578125,4.688728332519531,2.5459747314453125,6.1956329345703125,3.0037384033203125,3403.5271606445313,28727.860229492188,24514.308227539063,168.97344970703125,34156867584,10737418240,22004813824,0
199,1741708729143,2208,2208,2208,2208,2208,2208,2208,2208,2208,2208,2208,2208,10.921958923339844,4.2575531005859375,4.23583984375,9.132644653320313,13.981895446777344,8.846885681152344,6.0345306396484375,8.262374877929688,11.678924560546875,7.058509826660156,4.976837158203125,3.9932708740234375,3403.8272705078125,28728.79229736328,24514.9365234375,168.97674560546875,34156867584,10737418240,22004232192,0
199,1741708729342,2208,2208,2208,2208,2208,2208,2208,2208,2208,2208,2208,2208,6.6926422119140625,6.352272033691406,3.4949264526367188,10.853492736816406,12.374931335449219,6.515892028808594,8.286956787109375,5.568473815917969,4.192344665527344,4.0986175537109375,7.313377380371094,4.6673736572265625,3404.1358642578125,28729.840454101563,24515.599182128906,168.97674560546875,34156867584,10737418240,22004019200,0
200,1741708729542,2208,2208,2208,2208,2208,2208,2208,2208,2208,2208,2208,2208,8.278450012207031,3.614654541015625,7.255706787109375,10.448127746582031,10.903701782226563,6.068145751953125,7.909584045410156,2.4029769897460938,4.6381988525390625,3.2159347534179688,8.525077819824219,5.6422271728515625,3404.4354858398438,28731.12713623047,24516.528259277344,168.97674560546875,34156867584,10737418240,22003810304,0
200,1741708729743,2208,2208,2208,2208,2208,2208,2208,2208,2208,2208,2208,2208,9.912254333496094,4.028831481933594,5.317344665527344,10.943489074707031,15.932746887207031,6.9624481201171875,13.133857727050781,3.8024139404296875,8.311485290527344,6.7391815185546875,5.6810760498046875,4.136695861816406,3404.741455078125,28732.181701660156,24517.226928710938,168.97821044921875,34156867584,10737418240,22007959552,0
199,1741708729944,2208,2208,2208,2208,2208,2208,2208,2208,2208,2208,2208,2208,9.972206115722656,3.73956298828125,6.114006042480469,13.785736083984375,18.903663635253906,9.401260375976563,8.316535949707031,5.380409240722656,5.11456298828125,3.3291244506835938,4.3014373779296875,5.486930847167969,3405.0712280273438,28733.176208496094,24517.844970703125,168.97821044921875,34156867584,10737418240,22007857152,0
200,1741708730144,2208,2208,2208,2208,2208,2208,2208,2208,2208,2208,2208,2208,29.692779541015625,11.83636474609375,14.071487426757813,16.003646850585938,45.23087692260742,15.557342529296875,28.011703491210938,12.671783447265625,20.67127227783203,9.417533874511719,19.430770874023438,10.163597106933594,3405.4347534179688,28738.76043701172,24523.059997558594,168.97979736328125,34156867584,10737418240,22025420800,0
200,1741708730344,2208,2208,2208,2208,2208,2208,2208,2208,2208,2208,2208,2208,18.368972778320313,11.654953002929688,15.3660888671875,15.978904724121094,32.503761291503906,6.9105224609375,26.809364318847656,18.53722381591797,21.34270477294922,7.4954376220703125,15.662284851074219,11.535285949707031,3405.7997436523438,28743.847900390625,24527.76171875,168.97979736328125,34156867584,10737418240,22041485312,0
200,1741708730545,2208,2208,2208,2208,2208,2208,2208,2208,2208,2208,2208,2208,12.190925598144531,3.864837646484375,5.05645751953125,12.183387756347656,25.171768188476563,6.5904083251953125,9.921989440917969,4.439750671386719,8.151840209960938,5.051338195800781,9.903800964355469,5.601829528808594,3406.119384765625,28745.5361328125,24529.085510253906,168.97979736328125,34156867584,10737418240,22039711744,0
200,1741708730745,2208,2208,2208,2208,2208,2208,2208,2208,2208,2208,2208,2208,22.207107543945313,3.2412796020507813,24.49249267578125,7.0583953857421875,10.9786376953125,7.692909240722656,8.989776611328125,2.4253463745117188,3.5550155639648438,7.172599792480469,6.161529541015625,6.732780456542969,3406.48681640625,28747.369750976563,24530.53546142578,168.98126220703125,34156867584,10737418240,22044160000,0
200,1741708730946,2208,2208,2208,2208,2208,2208,2208,2208,2208,2208,2208,2208,43.56465530395508,29.813331604003906,52.99923324584961,44.645687103271484,58.492671966552734,41.088592529296875,44.276283264160156,28.509033203125,33.624244689941406,25.334930419921875,42.385257720947266,30.718948364257813,3407.0426635742188,28758.35626220703,24541.003479003906,168.98126220703125,34156867584,10737418240,22030544896,0
200,1741708731146,2208,2208,2208,2208,2208,2208,2208,2208,2208,2208,2208,2208,17.947654724121094,13.666427612304688,16.744598388671875,24.77954864501953,32.70647430419922,11.46124267578125,18.995697021484375,12.689865112304688,20.23120880126953,24.842079162597656,16.611373901367188,17.3797607421875,3407.3571166992188,28762.6953125,24545.03125,168.98126220703125,34156867584,10737418240,22034673664,0
200,1741708731346,2208,2208,2208,2208,2208,2208,2208,2208,2208,2208,2208,2208,15.102119445800781,13.853790283203125,12.056396484375,12.2176513671875,23.42528533935547,16.285980224609375,41.14125061035156,6.790252685546875,18.2880859375,9.266670227050781,16.744796752929688,15.276870727539063,3407.6748046875,28766.874877929688,24548.84912109375,168.9832763671875,34156867584,10737418240,22037159936,0
200,1741708731547,2208,2208,2208,2208,2208,2208,2208,2208,2208,2208,2208,2208,7.0458526611328125,3.3820571899414063,2.3747940063476563,11.661094665527344,14.649436950683594,4.376739501953125,7.2960357666015625,3.1934890747070313,6.671356201171875,3.5775222778320313,6.13275146484375,4.909309387207031,3407.9736328125,28768.237548828125,24549.863342285156,168.9832763671875,34156867584,10737418240,22037331968,0
199,1741708731747,2208,2208,2208,2208,2208,2208,2208,2208,2208,2208,2208,2208,8.899452209472656,7.1302947998046875,7.126953125,9.619056701660156,14.760162353515625,7.794395446777344,20.94542694091797,4.392494201660156,9.822174072265625,8.835411071777344,7.176765441894531,8.889122009277344,3408.3296508789063,28770.634704589844,24551.870849609375,168.99090576171875,34156867584,10737418240,22033014784,0
199,1741708731948,2208,2208,2208,2208,2208,2208,2208,2208,2208,2208,2208,2208,17.221237182617188,6.664398193359375,11.902351379394531,19.39350128173828,22.040451049804688,11.889595031738281,18.409950256347656,2.7907562255859375,10.810371398925781,11.380302429199219,14.494316101074219,6.1927032470703125,3408.6821899414063,28774.1962890625,24555.08477783203,169.00079345703125,34156867584,10737418240,22032211968,0
199,1741708732148,2208,2208,2208,2208,2208,2208,2208,2208,2208,2208,2208,2208,14.074874877929688,6.1429443359375,9.427650451660156,11.413108825683594,16.340789794921875,10.349288940429688,14.354606628417969,8.717674255371094,10.846519470214844,5.673347473144531,9.714820861816406,7.483039855957031,3409.0164794921875,28777.250915527344,24557.70233154297,169.01055908203125,34156867584,10737418240,22031638528,0
200,1741708732348,2208,2208,2208,2208,2208,2208,2208,2208,2208,2208,2208,2208,29.22777557373047,27.6241455078125,4.513572692871094,7.638801574707031,19.004722595214844,16.805313110351563,7.753654479980469,2.0597305297851563,6.5501861572265625,5.002052307128906,6.203422546386719,20.160255432128906,3409.3207397460938,28782.280883789063,24562.43096923828,169.02154541015625,34156867584,10737418240,22034898944,0
200,1741708732548,2208,2208,2208,2208,2208,2208,2208,2208,2208,2208,2208,2208,14.929275512695313,4.815605163574219,7.9076080322265625,13.779991149902344,24.75860595703125,10.566940307617188,15.945472717285156,7.013923645019531,10.698272705078125,5.283058166503906,7.095710754394531,6.9246826171875,3409.6619873046875,28783.833129882813,24563.514221191406,169.0330810546875,34156867584,10737418240,22024749056,0
200,1741708732748,2208,2208,2208,2208,2208,2208,2208,2208,2208,2208,2208,2208,25.592269897460938,10.2926025390625,22.203964233398438,15.277061462402344,30.633270263671875,17.853126525878906,23.899757385253906,7.180816650390625,25.53876495361328,12.289779663085938,24.656959533691406,15.361587524414063,3410.0950927734375,28788.021362304688,24567.064025878906,169.0645751953125,34156867584,10737418240,22020825088,0
200,1741708732949,2208,2208,2208,2208,2208,2208,2208,2208,2208,2208,2208,2208,22.07994842529297,5.481666564941406,14.026496887207031,13.543960571289063,20.39710235595703,16.73064422607422,14.782966613769531,3.1426620483398438,6.3060302734375,6.753639221191406,17.436309814453125,7.4130706787109375,3410.5584716796875,28794.75164794922,24572.947998046875,169.13006591796875,34156867584,10737418240,22016749568,0
200,1741708733149,2208,2208,2208,2208,2208,2208,2208,2208,2208,2208,2208,2208,12.655624389648438,1.973052978515625,4.181449890136719,7.689064025878906,11.13330078125,3.88525390625,7.662452697753906,3.4479598999023438,3.2169723510742188,7.852516174316406,8.304428100585938,2.3804244995117188,3410.8602294921875,28796.569091796875,24574.414001464844,169.1319580078125,34156867584,10737418240,22016491520,0
199,1741708733350,2208,2208,2208,2208,2208,2208,2208,2208,2208,2208,2208,2208,4.732391357421875,1.785552978515625,3.4130401611328125,6.031280517578125,12.860939025878906,11.868209838867188,6.7234649658203125,6.271781921386719,7.82568359375,4.072906494140625,6.078208923339844,3.1564788818359375,3411.1829833984375,28797.872680664063,24575.34881591797,169.134521484375,34156867584,10737418240,22015492096,0
199,1741708733550,2208,2208,2208,2208,2208,2208,2208,2208,2208,2208,2208,2208,8.25958251953125,5.329750061035156,3.08782958984375,7.280265808105469,19.703994750976563,6.799369812011719,6.912651062011719,4.631263732910156,6.2945404052734375,5.741081237792969,5.496856689453125,5.325492858886719,3411.4722900390625,28798.47412109375,24575.616943359375,169.134521484375,34156867584,10737418240,22014607360,0
199,1741708733751,2208,2208,2208,2208,2208,2208,2208,2208,2208,2208,2208,2208,14.343185424804688,7.721076965332031,7.912940979003906,8.720001220703125,22.273605346679688,19.496719360351563,14.341163635253906,10.771980285644531,11.047882080078125,10.991645812988281,10.77716064453125,9.528404235839844,3411.8120727539063,28801.52996826172,24578.302612304688,169.137451171875,34156867584,10737418240,22028722176,0
200,1741708733951,2208,2208,2208,2208,2208,2208,2208,2208,2208,2208,2208,2208,14.416091918945313,12.801971435546875,5.662467956542969,17.587509155273438,18.91374969482422,11.767616271972656,11.908699035644531,14.153205871582031,8.817436218261719,7.850090026855469,7.746803283691406,6.848731994628906,3412.1044311523438,28802.285217285156,24578.712036132813,169.13885498046875,34156867584,10737418240,22028558336,0
200,1741708734152,2208,2208,2208,2208,2208,2208,2208,2208,2208,2208,2208,2208,7.608360290527344,2.2130966186523438,3.1774673461914063,7.241493225097656,11.657890319824219,7.905616760253906,6.7613677978515625,4.967124938964844,2.798065185546875,3.2498779296875,4.927726745605469,6.004417419433594,3412.3917846679688,28803.071228027344,24579.173828125,169.13885498046875,34156867584,10737418240,22009135104,0
200,1741708734353,2208,2208,2208,2208,2208,2208,2208,2208,2208,2208,2208,2208,8.913642883300781,4.7401580810546875,4.248443603515625,11.473518371582031,15.974311828613281,7.105140686035156,7.699089050292969,7.5318450927734375,9.287811279296875,6.2758636474609375,5.163581848144531,7.6554107666015625,3412.6824951171875,28804.04949951172,24579.813415527344,169.13885498046875,34156867584,10737418240,22009098240,0
200,1741708734553,2208,2208,2208,2208,2208,2208,2208,2208,2208,2208,2208,2208,8.02740478515625,1.9739151000976563,1.6422958374023438,7.479606628417969,18.96636962890625,4.9642791748046875,5.5511474609375,4.6144561767578125,4.5428466796875,4.144615173339844,2.9171829223632813,3.47674560546875,3412.9877319335938,28804.77813720703,24580.190551757813,169.14056396484375,34156867584,10737418240,22007209984,0
199,1741708734754,2208,2208,2208,2208,2208,2208,2208,2208,2208,2208,2208,2208,8.260223388671875,2.6183319091796875,5.7103271484375,7.36962890625,17.361526489257813,5.5752410888671875,5.3600006103515625,4.505119323730469,3.80426025390625,7.8137054443359375,5.2003021240234375,3.7535552978515625,3413.282958984375,28805.586364746094,24580.65167236328,169.14056396484375,34156867584,10737418240,22006784000,0
199,1741708734955,2208,2208,2208,2208,2208,2208,2208,2208,2208,2208,2208,2208,8.946090698242188,2.5678176879882813,2.43560791015625,11.981857299804688,14.23089599609375,5.522674560546875,5.697563171386719,4.6989593505859375,8.046371459960938,4.298545837402344,6.640632629394531,5.356620788574219,3413.57763671875,28806.280334472656,24581.009765625,169.14166259765625,34156867584,10737418240,22006444032,0
200,1741708735154,2208,2208,2208,2208,2208,2208,2208,2208,2208,2208,2208,2208,8.267044067382813,3.196319580078125,11.757087707519531,10.173332214355469,14.627601623535156,5.903778076171875,5.200775146484375,3.4885101318359375,3.6212692260742188,3.918365478515625,6.814361572265625,5.588050842285156,3413.8635864257813,28807.35028076172,24581.74920654297,169.14166259765625,34156867584,10737418240,22006104064,0
199,1741708735356,2208,2208,2208,2208,2208,2208,2208,2208,2208,2208,2208,2208,8.182502746582031,3.1039505004882813,4.9057769775390625,7.872833251953125,19.87555694580078,6.0387420654296875,5.389945983886719,6.007484436035156,4.90191650390625,4.5793304443359375,3.6551589965820313,5.302558898925781,3414.1676025390625,28808.071350097656,24582.11737060547,169.14166259765625,34156867584,10737418240,22006038528,0
200,1741708735556,2208,2208,2208,2208,2208,2208,2208,2208,2208,2208,2208,2208,10.017219543457031,5.305320739746094,5.932060241699219,6.967964172363281,36.01474380493164,13.155166625976563,9.484367370605469,4.554313659667969,4.063385009765625,4.661521911621094,26.963943481445313,4.574310302734375,3414.4885864257813,28810.150756835938,24583.8486328125,169.14306640625,34156867584,10737418240,22005231616,0
200,1741708735756,2208,2208,2208,2208,2208,2208,2208,2208,2208,2208,2208,2208,15.96337890625,9.78753662109375,12.789169311523438,15.976982116699219,36.777400970458984,35.88402557373047,23.911880493164063,12.429008483886719,16.35755157470703,11.645797729492188,11.534599304199219,6.6951141357421875,3414.8350830078125,28814.213012695313,24587.520935058594,169.15020751953125,34156867584,10737418240,22003245056,0
199,1741708735957,2208,2208,2208,2208,2208,2208,2208,2208,2208,2208,2208,2208,11.510841369628906,3.8727264404296875,6.704627990722656,14.736770629882813,18.855377197265625,9.752059936523438,17.8896484375,6.8318328857421875,21.327972412109375,4.3875274658203125,8.361259460449219,6.418182373046875,3415.163818359375,28815.29656982422,24588.236389160156,169.1593017578125,34156867584,10737418240,22000861184,0
199,1741708736158,2208,2208,2208,2208,2208,2208,2208,2208,2208,2208,2208,2208,9.497581481933594,3.149169921875,9.002838134765625,9.54644775390625,17.64440155029297,8.035026550292969,16.346275329589844,5.292900085449219,15.049751281738281,4.5286865234375,6.7069854736328125,5.036529541015625,3415.4945068359375,28816.216369628906,24588.78369140625,169.16937255859375,34156867584,10737418240,21996695552,0
200,1741708736358,2208,2208,2208,2208,2208,2208,2208,2208,2208,2208,2208,2208,13.728469848632813,7.608863830566406,6.286415100097656,11.208122253417969,22.039901733398438,6.4867401123046875,14.536026000976563,5.126228332519531,12.378608703613281,4.4684295654296875,6.379753112792969,6.568023681640625,3415.8225708007813,28817.18212890625,24589.44189453125,169.17938232421875,34156867584,10737418240,21990375424,0
199,1741708736559,2208,2208,2208,2208,2208,2208,2208,2208,2208,2208,2208,2208,11.419898986816406,3.368804931640625,6.7574920654296875,8.7132568359375,18.556419372558594,5.3209228515625,16.73918914794922,6.528907775878906,13.935714721679688,2.7312088012695313,7.221794128417969,5.741111755371094,3416.1585693359375,28818.17791748047,24589.999755859375,169.19073486328125,34156867584,10737418240,21988171776,0
200,1741708736759,2208,2208,2208,2208,2208,2208,2208,2208,2208,2208,2208,2208,21.93981170654297,9.532867431640625,15.680793762207031,11.800643920898438,20.894264221191406,12.463752746582031,18.694847106933594,9.499397277832031,16.384727478027344,7.2790069580078125,17.30516815185547,6.778617858886719,3416.4851684570313,28819.419677734375,24590.863037109375,169.2015380859375,34156867584,10737418240,21989072896,0
200,1741708736959,2208,2208,2208,2208,2208,2208,2208,2208,2208,2208,2208,2208,10.442955017089844,3.5104904174804688,9.827308654785156,11.009849548339844,24.559661865234375,5.246253967285156,19.717185974121094,9.179855346679688,10.523971557617188,7.9537200927734375,7.5214385986328125,6.5742645263671875,3416.8192749023438,28820.50604248047,24591.578369140625,169.21185302734375,34156867584,10737418240,21986709504,0
200,1741708737160,2208,2208,2208,2208,2208,2208,2208,2208,2208,2208,2208,2208,6.024681091308594,2.154998779296875,4.601219177246094,6.255989074707031,12.567184448242188,4.891204833984375,7.8402862548828125,3.171966552734375,11.367401123046875,4.890556335449219,5.94659423828125,3.3809356689453125,3417.1362915039063,28821.51953125,24592.23065185547,169.21405029296875,34156867584,10737418240,21985976320,0
199,1741708737361,2208,2208,2208,2208,2208,2208,2208,2208,2208,2208,2208,2208,10.914154052734375,11.284225463867188,8.188941955566406,8.438796997070313,15.04693603515625,5.309700012207031,4.4259490966796875,5.674964904785156,9.858314514160156,5.366325378417969,5.4561920166015625,5.817665100097656,3417.4547729492188,28822.319702148438,24592.658752441406,169.21405029296875,34156867584,10737418240,21985370112,0
200,1741708737561,2208,2208,2208,2208,2208,2208,2208,2208,2208,2208,2208,2208,8.685195922851563,9.207298278808594,7.892646789550781,7.048057556152344,15.073486328125,6.398651123046875,8.905418395996094,9.936470031738281,8.635757446289063,4.392662048339844,7.115074157714844,4.960968017578125,3417.7644653320313,28823.29376220703,24593.276977539063,169.21539306640625,34156867584,10737418240,21985718272,0
200,1741708737762,2208,2208,2208,2208,2208,2208,2208,2208,2208,2208,2208,2208,15.928825378417969,5.081962585449219,8.870574951171875,9.6763916015625,13.086715698242188,5.616752624511719,17.400917053222656,9.211471557617188,9.094329833984375,4.510566711425781,8.906013488769531,6.872245788574219,3418.0744018554688,28824.11669921875,24593.739868164063,169.21539306640625,34156867584,10737418240,21990858752,0
200,1741708737963,2208,2208,2208,2208,2208,2208,2208,2208,2208,2208,2208,2208,10.620208740234375,3.52459716796875,4.260650634765625,12.347686767578125,12.864326477050781,6.9739837646484375,10.185737609863281,6.4792022705078125,10.114120483398438,11.3031005859375,6.642120361328125,5.4523773193359375,3418.378662109375,28824.835693359375,24594.11212158203,169.21539306640625,34156867584,10737418240,21990109184,0
199,1741708738163,2208,2208,2208,2208,2208,2208,2208,2208,2208,2208,2208,2208,12.949478149414063,4.1163177490234375,5.2010650634765625,14.947929382324219,23.671539306640625,12.713035583496094,8.605903625488281,8.808517456054688,11.097526550292969,6.282341003417969,7.421150207519531,6.493659973144531,3418.6873779296875,28825.64862060547,24594.564453125,169.2166748046875,34156867584,10737418240,21987651584,0
199,1741708738364,2208,2208,2208,2208,2208,2208,2208,2208,2208,2208,2208,2208,9.167213439941406,3.4888153076171875,2.6823577880859375,10.048309326171875,16.702301025390625,4.300743103027344,5.323760986328125,4.311248779296875,9.90460205078125,4.193367004394531,5.608085632324219,4.8896026611328125,3418.9943237304688,28826.543212890625,24595.12091064453,169.2166748046875,34156867584,10737418240,21987545088,0
201,1741708738564,2208,2208,2208,2208,2208,2208,2208,2208,2208,2208,2208,2208,9.696449279785156,3.0929412841796875,3.5502777099609375,8.787452697753906,16.219619750976563,6.4084014892578125,4.652931213378906,6.5513153076171875,9.07647705078125,4.974433898925781,5.657859802246094,8.712127685546875,3419.2940673828125,28827.464599609375,24595.690673828125,169.2166748046875,34156867584,10737418240,21986299904,0
199,1741708738766,2208,2208,2208,2208,2208,2208,2208,2208,2208,2208,2208,2208,7.052177429199219,6.94757080078125,5.103614807128906,20.43920135498047,14.337379455566406,4.168098449707031,6.353851318359375,3.6693572998046875,6.042503356933594,3.4359359741210938,3.5918350219726563,3.6946563720703125,3419.6090087890625,28828.948852539063,24596.808715820313,169.21807861328125,34156867584,10737418240,22000091136,0
199,1741708738966,2208,2208,2208,2208,2208,2208,2208,2208,2208,2208,2208,2208,9.183403015136719,3.0573196411132813,5.495079040527344,7.693901062011719,17.730133056640625,8.772819519042969,7.651313781738281,5.8963623046875,7.09747314453125,5.101554870605469,4.483734130859375,4.350532531738281,3419.920166015625,28830.17840576172,24597.69580078125,169.21807861328125,34156867584,10737418240,21998129152,0
199,1741708739166,2208,2208,2208,2208,2208,2208,2208,2208,2208,2208,2208,2208,9.669219970703125,3.033721923828125,5.628425598144531,7.077903747558594,11.928939819335938,5.224845886230469,5.955711364746094,6.70556640625,8.107559204101563,2.1721954345703125,5.6869964599609375,5.5537567138671875,3420.2295532226563,28830.935668945313,24598.104125976563,169.21929931640625,34156867584,10737418240,21997498368,0
200,1741708739367,2208,2208,2208,2208,2208,2208,2208,2208,2208,2208,2208,2208,11.370887756347656,3.8089141845703125,4.965126037597656,7.272727966308594,11.867874145507813,11.578544616699219,5.285057067871094,6.168304443359375,6.661735534667969,2.6939163208007813,5.766044616699219,5.684135437011719,3420.558349609375,28832.08428955078,24598.880249023438,169.21929931640625,34156867584,10737418240,21998051328,0
200,1741708739567,2208,2208,2208,2208,2208,2208,2208,2208,2208,2208,2208,2208,8.173744201660156,2.3906173706054688,4.386741638183594,5.833000183105469,11.684913635253906,5.293182373046875,8.280227661132813,9.087356567382813,5.2556915283203125,2.9742279052734375,5.42401123046875,5.3278961181640625,3420.8306274414063,28832.70831298828,24599.260009765625,169.21929931640625,34156867584,10737418240,21997506560,0
199,1741708739767,2208,2208,2208,2208,2208,2208,2208,2208,2208,2208,2208,2208,4.632667541503906,2.1918869018554688,1.9814910888671875,5.700042724609375,13.762123107910156,5.788230895996094,13.048820495605469,1.4997100830078125,11.163017272949219,3.4443511962890625,2.630889892578125,3.1760330200195313,3421.1541748046875,28833.832946777344,24599.949096679688,169.2269287109375,34156867584,10737418240,21997867008,0
200,1741708739968,2208,2208,2208,2208,2208,2208,2208,2208,2208,2208,2208,2208,8.986434936523438,3.7381362915039063,10.873695373535156,14.451759338378906,19.759140014648438,12.979469299316406,15.764961242675781,2.8490066528320313,17.013511657714844,5.009880065917969,8.265151977539063,5.950477600097656,3421.47412109375,28834.637145996094,24600.389038085938,169.236328125,34156867584,10737418240,21995171840,0
200,1741708740168,2208,2208,2208,2208,2208,2208,2208,2208,2208,2208,2208,2208,12.722511291503906,4.1464996337890625,8.48065185546875,10.260848999023438,17.525733947753906,7.420753479003906,12.90765380859375,2.2857894897460938,14.484474182128906,2.8873519897460938,7.900299072265625,3.4560699462890625,3421.8237915039063,28836.844177246094,24602.22900390625,169.24749755859375,34156867584,10737418240,21995151360,0
200,1741708740369,2208,2208,2208,2208,2208,2208,2208,2208,2208,2208,2208,2208,12.853218078613281,4.191017150878906,3.1469497680664063,6.561309814453125,21.604576110839844,5.158836364746094,11.461860656738281,2.2943496704101563,6.2318572998046875,5.764518737792969,4.0450592041015625,3.9235610961914063,3422.1419677734375,28838.115966796875,24603.133239746094,169.25787353515625,34156867584,10737418240,21994188800,0
200,1741708740569,2208,2208,2208,2208,2208,2208,2208,2208,2208,2208,2208,2208,9.585540771484375,8.567085266113281,10.636085510253906,8.722366333007813,28.063995361328125,14.210174560546875,18.181907653808594,8.086082458496094,23.89214324951172,14.420196533203125,9.934471130371094,8.211532592773438,3422.50244140625,28841.65350341797,24606.286376953125,169.26922607421875,34156867584,10737418240,21993705472,0
199,1741708740771,2208,2208,2208,2208,2208,2208,2208,2208,2208,2208,2208,2208,12.168594360351563,3.0921173095703125,4.026725769042969,7.4519195556640625,23.76068878173828,5.621513366699219,12.115234375,2.5823135375976563,6.9130859375,5.37384033203125,5.875846862792969,3.6513442993164063,3422.829345703125,28842.75274658203,24607.01983642578,169.2786865234375,34156867584,10737418240,22002012160,0
200,1741708740971,2208,2208,2208,2208,2208,2208,2208,2208,2208,2208,2208,2208,11.840896606445313,10.437957763671875,24.105064392089844,39.151344299316406,18.6485595703125,17.60882568359375,19.078475952148438,3.9909439086914063,19.564071655273438,9.301094055175781,7.819587707519531,6.251678466796875,3423.219970703125,28844.551391601563,24608.427673339844,169.28863525390625,34156867584,10737418240,21999972352,0
199,1741708741171,2208,2208,2208,2208,2208,2208,2208,2208,2208,2208,2208,2208,15.401847839355469,11.712730407714844,27.6436767578125,33.57240295410156,21.443031311035156,11.648834228515625,12.37890625,2.9126510620117188,20.827903747558594,14.278312683105469,4.962615966796875,7.1133880615234375,3423.5267944335938,28849.16796875,24612.687438964844,169.28863525390625,34156867584,10737418240,21995200512,0
199,1741708741372,2208,2208,2208,2208,2208,2208,2208,2208,2208,2208,2208,2208,7.461273193359375,5.3893280029296875,4.248664855957031,10.703376770019531,13.319816589355469,6.1305999755859375,14.206047058105469,3.3293914794921875,6.396125793457031,4.098594665527344,6.469993591308594,5.7741241455078125,3423.8386840820313,28849.9716796875,24613.126525878906,169.28997802734375,34156867584,10737418240,21995765760,0
200,1741708741573,2208,2208,2208,2208,2208,2208,2208,2208,2208,2208,2208,2208,7.224632263183594,2.3625564575195313,3.2157058715820313,7.2358856201171875,27.745704650878906,3.870391845703125,7.291130065917969,1.9061431884765625,5.2799835205078125,6.80291748046875,3.3843994140625,4.0886993408203125,3424.1450805664063,28850.908935546875,24613.702087402344,169.28997802734375,34156867584,10737418240,21997109248,0
199,1741708741774,2208,2208,2208,2208,2208,2208,2208,2208,2208,2208,2208,2208,5.8601531982421875,4.210380554199219,3.0714569091796875,14.500648498535156,9.418258666992188,5.928031921386719,9.205802917480469,2.0284652709960938,12.734359741210938,7.355598449707031,5.776641845703125,4.1172332763671875,3424.435546875,28852.06378173828,24614.521911621094,169.28997802734375,34156867584,10737418240,22004256768,0
200,1741708741974,2208,2208,2208,2208,2208,2208,2208,2208,2208,2208,2208,2208,5.716361999511719,2.7008819580078125,10.942970275878906,15.636192321777344,10.052925109863281,8.60992431640625,7.7123260498046875,2.339141845703125,4.8755340576171875,3.8673324584960938,4.86224365234375,4.528175354003906,3424.7391967773438,28853.14031982422,24615.251098632813,169.29144287109375,34156867584,10737418240,22004469760,0
200,1741708742174,2208,2208,2208,2208,2208,2208,2208,2208,2208,2208,2208,2208,10.771774291992188,5.4716339111328125,4.926246643066406,20.981834411621094,20.477432250976563,6.567314147949219,7.257484436035156,3.0319290161132813,5.4600067138671875,3.0520172119140625,8.221603393554688,3.5289688110351563,3425.0592041015625,28855.255737304688,24617.02001953125,169.29144287109375,34156867584,10737418240,22007685120,0
199,1741708742376,2208,2208,2208,2208,2208,2208,2208,2208,2208,2208,2208,2208,7.845649719238281,4.8746490478515625,2.3888626098632813,10.55938720703125,19.639442443847656,5.0575714111328125,9.156105041503906,2.549346923828125,5.953483581542969,5.723670959472656,5.039756774902344,4.147895812988281,3425.3765869140625,28856.148864746094,24617.545043945313,169.29290771484375,34156867584,10737418240,22000009216,0
199,1741708742576,2208,2208,2208,2208,2208,2208,2208,2208,2208,2208,2208,2208,9.142288208007813,7.306663513183594,6.015968322753906,12.001182556152344,22.516464233398438,7.230430603027344,6.788246154785156,2.894805908203125,6.187225341796875,5.780998229980469,7.886199951171875,8.277046203613281,3425.6627807617188,28856.877807617188,24617.93914794922,169.29290771484375,34156867584,10737418240,22000324608,0
200,1741708742777,2208,2208,2208,2208,2208,2208,2208,2208,2208,2208,2208,2208,5.4619598388671875,5.9257659912109375,2.1591644287109375,4.9356842041015625,12.96246337890625,10.457649230957031,9.062324523925781,1.7253875732421875,2.9668731689453125,2.455291748046875,2.8107070922851563,3.0490875244140625,3425.9563598632813,28858.001586914063,24618.739685058594,169.29290771484375,34156867584,10737418240,21999788032,0
199,1741708742977,2208,2208,2208,2208,2208,2208,2208,2208,2208,2208,2208,2208,4.780509948730469,2.2605972290039063,4.96185302734375,7.209861755371094,16.034149169921875,6.260711669921875,6.130516052246094,1.6204147338867188,4.263923645019531,4.578193664550781,4.100822448730469,4.3125,3426.2555541992188,28858.86602783203,24619.261352539063,169.29443359375,34156867584,10737418240,21999194112,0
200,1741708743177,2208,2208,2208,2208,2208,2208,2208,2208,2208,2208,2208,2208,11.569068908691406,2.213104248046875,4.1817169189453125,10.638870239257813,14.997543334960938,6.75701904296875,9.934913635253906,6.736244201660156,9.000930786132813,5.300117492675781,6.283424377441406,6.4306488037109375,3426.551513671875,28859.538452148438,24619.593383789063,169.29443359375,34156867584,10737418240,21998931968,0
199,1741708743379,2208,2208,2208,2208,2208,2208,2208,2208,2208,2208,2208,2208,12.020523071289063,4.312286376953125,2.77874755859375,13.120384216308594,14.577499389648438,6.002418518066406,8.221084594726563,5.538032531738281,9.054855346679688,11.441780090332031,5.817726135253906,7.2384185791015625,3426.8740234375,28860.56298828125,24620.248596191406,169.29559326171875,34156867584,10737418240,21998841856,0
200,1741708743579,2208,2208,2208,2208,2208,2208,2208,2208,2208,2208,2208,2208,14.352195739746094,10.910781860351563,4.895530700683594,11.999191284179688,13.859352111816406,9.527290344238281,5.813346862792969,6.426483154296875,9.337356567382813,10.077117919921875,5.7160186767578125,5.3777923583984375,3427.1721801757813,28861.34979248047,24620.69287109375,169.29559326171875,34156867584,10737418240,21998501888,0
200,1741708743779,2208,2208,2208,2208,2208,2208,2208,2208,2208,2208,2208,2208,7.0718536376953125,1.5583419799804688,2.4067153930664063,6.933494567871094,23.79833984375,9.944648742675781,8.463951110839844,4.9420166015625,10.469818115234375,3.16058349609375,5.305946350097656,4.052314758300781,3427.496826171875,28862.48809814453,24621.466918945313,169.30322265625,34156867584,10737418240,22010101760,0
200,1741708743979,2208,2208,2208,2208,2208,2208,2208,2208,2208,2208,2208,2208,7.357276916503906,4.752998352050781,7.048492431640625,9.543365478515625,16.254722595214844,7.687324523925781,12.906074523925781,3.6574325561523438,11.007522583007813,3.9097824096679688,7.2072906494140625,4.402557373046875,3427.8170776367188,28863.79901123047,24622.419860839844,169.3138427734375,34156867584,10737418240,22008078336,0
200,1741708744180,2208,2208,2208,2208,2208,2208,2208,2208,2208,2208,2208,2208,10.008369445800781,6.124305725097656,8.601913452148438,7.8922271728515625,19.28241729736328,9.156745910644531,18.24120330810547,3.10040283203125,8.643875122070313,5.8660736083984375,10.156089782714844,7.1434478759765625,3428.166015625,28865.465759277344,24623.70166015625,169.32501220703125,34156867584,10737418240,22005141504,0
199,1741708744381,2208,2208,2208,2208,2208,2208,2208,2208,2208,2208,2208,2208,6.811302185058594,2.7481536865234375,8.068115234375,5.939689636230469,19.095237731933594,7.057106018066406,16.57593536376953,5.213951110839844,14.131454467773438,6.832427978515625,8.295661926269531,6.4142913818359375,3428.4930419921875,28866.41864013672,24624.288330078125,169.3350830078125,34156867584,10737418240,22005305344,0
200,1741708744581,2208,2208,2208,2208,2208,2208,2208,2208,2208,2208,2208,2208,7.002723693847656,3.4065475463867188,4.668792724609375,5.3038787841796875,17.235977172851563,6.507423400878906,9.382316589355469,6.190849304199219,9.914115905761719,5.3373565673828125,7.294166564941406,4.189247131347656,3428.822509765625,28867.644104003906,24625.135620117188,169.344970703125,34156867584,10737418240,22006992896,0
200,1741708744782,2208,2208,2208,2208,2208,2208,2208,2208,2208,2208,2208,2208,10.186447143554688,4.039558410644531,7.198646545410156,6.152427673339844,16.852127075195313,7.676795959472656,19.129493713378906,5.223075866699219,10.361640930175781,7.004264831542969,8.140533447265625,6.7841796875,3429.1727905273438,28868.98046875,24626.076599121094,169.3570556640625,34156867584,10737418240,22012002304,0
200,1741708744982,2208,2208,2208,2208,2208,2208,2208,2208,2208,2208,2208,2208,8.867095947265625,3.2954330444335938,5.758796691894531,7.03192138671875,18.439376831054688,4.688285827636719,20.989524841308594,2.8607177734375,9.878578186035156,5.812141418457031,10.754348754882813,3.559356689453125,3429.4956665039063,28869.975952148438,24626.70672607422,169.36773681640625,34156867584,10737418240,22010478592,0
199,1741708745183,2208,2208,2208,2208,2208,2208,2208,2208,2208,2208,2208,2208,7.891075134277344,2.4609298706054688,4.1636962890625,9.007362365722656,13.445503234863281,6.589080810546875,10.902236938476563,3.9403076171875,6.904823303222656,8.132484436035156,10.166549682617188,4.772796630859375,3429.79736328125,28870.61309814453,24626.998962402344,169.3680419921875,34156867584,10737418240,22010396672,0
199,1741708745384,2208,2208,2208,2208,2208,2208,2208,2208,2208,2208,2208,2208,10.39013671875,3.0997161865234375,6.669548034667969,9.726310729980469,19.743850708007813,6.749725341796875,9.009979248046875,4.735198974609375,10.47857666015625,14.11639404296875,8.189208984375,5.76922607421875,3430.116455078125,28871.41650390625,24627.462524414063,169.3680419921875,34156867584,10737418240,22009696256,0
199,1741708745584,2208,2208,2208,2208,2208,2208,2208,2208,2208,2208,2208,2208,7.157478332519531,2.0310821533203125,7.018211364746094,6.147178649902344,12.347343444824219,4.8879547119140625,6.011009216308594,4.019775390625,5.2064971923828125,13.46026611328125,5.9997711181640625,4.8961944580078125,3430.431640625,28872.318969726563,24627.978576660156,169.36956787109375,34156867584,10737418240,22010470400,0
200,1741708745784,2208,2208,2208,2208,2208,2208,2208,2208,2208,2208,2208,2208,7.292671203613281,12.424293518066406,22.601661682128906,52.3043098449707,12.785385131835938,5.008964538574219,19.575515747070313,3.5809097290039063,6.9455108642578125,5.3388671875,21.16796112060547,5.13653564453125,3430.7880859375,28874.29522705078,24629.59130859375,169.36956787109375,34156867584,10737418240,22012538880,0
200,1741708745985,2208,2208,2208,2208,2208,2208,2208,2208,2208,2208,2208,2208,16.568565368652344,12.923019409179688,19.787132263183594,23.24260711669922,18.519737243652344,8.787246704101563,12.989143371582031,11.054092407226563,3.9474258422851563,2.29364013671875,10.218757629394531,13.073326110839844,3431.0946044921875,28877.230834960938,24632.180236816406,169.36956787109375,34156867584,10737418240,22012084224,0
200,1741708746185,2208,2208,2208,2208,2208,2208,2208,2208,2208,2208,2208,2208,12.232620239257813,3.2792205810546875,13.82684326171875,11.803398132324219,22.398216247558594,8.270462036132813,12.755867004394531,6.80230712890625,22.956771850585938,5.584442138671875,11.296783447265625,5.8486175537109375,3431.3887939453125,28878.142517089844,24632.73291015625,169.3709716796875,34156867584,10737418240,22012440576,0
200,1741708746386,2208,2208,2208,2208,2208,2208,2208,2208,2208,2208,2208,2208,10.119789123535156,6.482574462890625,13.534347534179688,15.483970642089844,25.095115661621094,8.745002746582031,13.219223022460938,7.39569091796875,12.150367736816406,8.188644409179688,10.636238098144531,9.128486633300781,3431.6889038085938,28879.284545898438,24633.52685546875,169.3709716796875,34156867584,10737418240,22003920896,0
199,1741708746587,2208,2208,2208,2208,2208,2208,2208,2208,2208,2208,2208,2208,5.155082702636719,2.9338150024414063,5.7485198974609375,7.37384033203125,13.494636535644531,7.844200134277344,7.211692810058594,4.645698547363281,4.674003601074219,2.5131988525390625,12.712806701660156,3.5771408081054688,3431.9852905273438,28880.264099121094,24634.17010498047,169.3721923828125,34156867584,10737418240,22003191808,0
199,1741708746787,2208,2208,2208,2208,2208,2208,2208,2208,2208,2208,2208,2208,7.648246765136719,4.27667236328125,6.69708251953125,7.885810852050781,13.034843444824219,6.5355072021484375,10.267669677734375,5.619407653808594,6.9916229248046875,8.619728088378906,6.407493591308594,9.965568542480469,3432.2982788085938,28881.119384765625,24634.673828125,169.3721923828125,34156867584,10737418240,22002159616,0
200,1741708746987,2208,2208,2208,2208,2208,2208,2208,2208,2208,2208,2208,2208,30.69537353515625,27.346847534179688,40.43300247192383,33.765586853027344,50.37992858886719,30.746116638183594,41.6522102355957,22.110336303710938,50.8897705078125,32.59160614013672,44.39762496948242,30.69915771484375,3432.7311401367188,28890.237670898438,24643.383056640625,169.3721923828125,34156867584,10737418240,22017949696,0
200,1741708747188,2208,2208,2208,2208,2208,2208,2208,2208,2208,2208,2208,2208,21.796432495117188,20.278892517089844,58.02568435668945,22.745277404785156,27.017250061035156,8.6051025390625,36.26910400390625,19.502830505371094,20.92906951904297,15.79412841796875,40.596866607666016,16.32276153564453,3433.0907592773438,28897.254150390625,24650.015380859375,169.37347412109375,34156867584,10737418240,22024220672,0
199,1741708747389,2208,2208,2208,2208,2208,2208,2208,2208,2208,2208,2208,2208,4.671058654785156,2.0406417846679688,11.82574462890625,20.300392150878906,15.513946533203125,2.915924072265625,9.570037841796875,3.469573974609375,4.619415283203125,3.1026153564453125,3.683441162109375,4.242706298828125,3433.38720703125,28900.018920898438,24652.424072265625,169.37347412109375,34156867584,10737418240,22024114176,0
199,1741708747589,2208,2208,2208,2208,2208,2208,2208,2208,2208,2208,2208,2208,6.298240661621094,5.921722412109375,8.339164733886719,6.91436767578125,12.051902770996094,6.369529724121094,4.691032409667969,4.6782989501953125,4.602043151855469,6.383575439453125,5.504341125488281,3.778350830078125,3433.664306640625,28900.896606445313,24652.989318847656,169.37347412109375,34156867584,10737418240,22023639040,0
199,1741708747790,2208,2208,2208,2208,2208,2208,2208,2208,2208,2208,2208,2208,7.3813629150390625,2.0084609985351563,9.740890502929688,9.69720458984375,22.66521453857422,9.140533447265625,11.453422546386719,3.6636734008789063,15.743438720703125,5.5946502685546875,6.218132019042969,3.6487350463867188,3433.988525390625,28901.899047851563,24653.623107910156,169.38323974609375,34156867584,10737418240,22024986624,0
200,1741708747990,2208,2208,2208,2208,2208,2208,2208,2208,2208,2208,2208,2208,14.956939697265625,16.95653533935547,11.003044128417969,10.130989074707031,19.431068420410156,16.67784881591797,16.023178100585938,5.351325988769531,10.331405639648438,3.0844573974609375,21.051956176757813,18.13330078125,3434.3185424804688,28904.552978515625,24655.910705566406,169.3934326171875,34156867584,10737418240,22041944064,0
200,1741708748190,2208,2208,2208,2208,2208,2208,2208,2208,2208,2208,2208,2208,20.159889221191406,37.22149658203125,6.780181884765625,6.180946350097656,15.182151794433594,5.566825866699219,17.010826110839844,5.6226348876953125,9.396125793457031,3.5944747924804688,7.15728759765625,5.534271240234375,3434.6672973632813,28908.362915039063,24659.33819580078,169.40667724609375,34156867584,10737418240,22052790272,0
200,1741708748390,2208,2208,2208,2208,2208,2208,2208,2208,2208,2208,2208,2208,10.183135986328125,5.0506134033203125,9.32684326171875,6.978858947753906,14.754096984863281,5.9532318115234375,20.32244110107422,9.985809326171875,9.824760437011719,4.3365478515625,5.925529479980469,4.032127380371094,3434.9862670898438,28909.317443847656,24659.99932861328,169.4163818359375,34156867584,10737418240,22054547456,0
200,1741708748591,2208,2208,2208,2208,2208,2208,2208,2208,2208,2208,2208,2208,12.324295043945313,4.0954437255859375,6.086952209472656,11.949188232421875,18.92767333984375,3.8299942016601563,14.742942810058594,3.5779571533203125,4.730705261230469,4.756523132324219,6.360565185546875,10.70330810546875,3435.3070678710938,28911.27130126953,24661.53839111328,169.42572021484375,34156867584,10737418240,22064529408,0
200,1741708748791,2208,2208,2208,2208,2208,2208,2208,2208,2208,2208,2208,2208,12.621543884277344,3.5967330932617188,3.68670654296875,4.785484313964844,15.960380554199219,4.395439147949219,18.62403106689453,2.4099502563476563,9.374656677246094,3.2844161987304688,4.307090759277344,5.092559814453125,3435.6507568359375,28912.630859375,24662.518310546875,169.4368896484375,34156867584,10737418240,22069014528,0
200,1741708748992,2208,2208,2208,2208,2208,2208,2208,2208,2208,2208,2208,2208,12.987113952636719,3.9468002319335938,5.613311767578125,6.693397521972656,13.39202880859375,5.432044982910156,13.200050354003906,4.1626739501953125,6.6239776611328125,6.868690490722656,5.071754455566406,4.717933654785156,3435.9852905273438,28913.96307373047,24663.48468017578,169.44488525390625,34156867584,10737418240,22062292992,0
199,1741708749193,2208,2208,2208,2208,2208,2208,2208,2208,2208,2208,2208,2208,7.81744384765625,9.836715698242188,10.710372924804688,6.546417236328125,14.9503173828125,8.2275390625,7.2355194091796875,4.8244171142578125,13.625633239746094,3.5591354370117188,7.376152038574219,9.396202087402344,3436.3248901367188,28915.7236328125,24664.86737060547,169.44488525390625,34156867584,10737418240,22061838336,0
200,1741708749393,2208,2208,2208,2208,2208,2208,2208,2208,2208,2208,2208,2208,6.355049133300781,3.7523574829101563,5.866798400878906,7.238533020019531,14.552055358886719,9.73565673828125,10.22906494140625,4.307685852050781,5.608482360839844,5.412086486816406,6.152923583984375,5.212364196777344,3436.6245727539063,28916.58563232422,24665.38897705078,169.4461669921875,34156867584,10737418240,22061068288,0
200,1741708749594,2208,2208,2208,2208,2208,2208,2208,2208,2208,2208,2208,2208,5.154518127441406,2.1719970703125,2.1027450561523438,5.9254608154296875,14.386894226074219,4.794883728027344,12.737876892089844,2.4062042236328125,5.87060546875,3.3736343383789063,1.8559951782226563,3.4037399291992188,3436.9414672851563,28917.497924804688,24665.975341796875,169.4461669921875,34156867584,10737418240,22061842432,0
200,1741708749795,2208,2208,2208,2208,2208,2208,2208,2208,2208,2208,2208,2208,10.569808959960938,6.094276428222656,4.271942138671875,8.24383544921875,13.812568664550781,7.682441711425781,13.025741577148438,4.7655181884765625,6.764381408691406,5.094818115234375,6.684822082519531,4.488189697265625,3437.2488403320313,28918.468139648438,24666.559936523438,169.44744873046875,34156867584,10737418240,22068224000,0
199,1741708749996,2208,2208,2208,2208,2208,2208,2208,2208,2208,2208,2208,2208,8.13623046875,4.94903564453125,8.48382568359375,11.151168823242188,16.19830322265625,7.730201721191406,11.830581665039063,5.176177978515625,8.845108032226563,4.4545440673828125,10.612777709960938,4.4588470458984375,3437.5584716796875,28919.505432128906,24667.24169921875,169.44744873046875,34156867584,10737418240,22063288320,0
199,1741708750196,2208,2208,2208,2208,2208,2208,2208,2208,2208,2208,2208,2208,9.194320678710938,5.368217468261719,4.8489532470703125,7.009124755859375,13.780311584472656,6.158203125,8.787284851074219,4.066032409667969,9.009757995605469,2.8572769165039063,3.8298873901367188,5.8676300048828125,3437.8717041015625,28920.69891357422,24668.1103515625,169.44744873046875,34156867584,10737418240,22063493120,0
200,1741708750396,2208,2208,2208,2208,2208,2208,2208,2208,2208,2208,2208,2208,7.128379821777344,4.807273864746094,6.417808532714844,8.530784606933594,19.060340881347656,6.3082733154296875,11.067886352539063,4.7279815673828125,10.079338073730469,4.017974853515625,4.862579345703125,4.992500305175781,3438.1639404296875,28921.489013671875,24668.535583496094,169.44873046875,34156867584,10737418240,22063493120,0
200,1741708750597,2208,2208,2208,2208,2208,2208,2208,2208,2208,2208,2208,2208,10.020622253417969,4.313262939453125,4.1788177490234375,7.356605529785156,20.614585876464844,6.551445007324219,10.730926513671875,6.53985595703125,7.4102630615234375,2.7200469970703125,3.200439453125,3.6947555541992188,3438.4797973632813,28922.41534423828,24669.100158691406,169.44873046875,34156867584,10737418240,22062682112,0
200,1741708750797,2208,2208,2208,2208,2208,2208,2208,2208,2208,2208,2208,2208,7.8958740234375,4.734809875488281,10.93878173828125,6.964775085449219,19.516014099121094,6.482048034667969,10.628013610839844,10.543502807617188,24.437538146972656,15.060173034667969,8.670539855957031,7.1632537841796875,3438.7811889648438,28923.666381835938,24669.96160888672,169.44873046875,34156867584,10737418240,22063579136,0
199,1741708750998,2208,2208,2208,2208,2208,2208,2208,2208,2208,2208,2208,2208,7.662315368652344,3.4426193237304688,4.0288238525390625,6.516777038574219,19.09674072265625,6.457115173339844,7.181602478027344,4.966087341308594,6.329048156738281,3.4442138671875,5.587348937988281,4.231742858886719,3439.107666015625,28924.691955566406,24670.620727539063,169.4500732421875,34156867584,10737418240,22063230976,0
200,1741708751197,2208,2208,2208,2208,2208,2208,2208,2208,2208,2208,2208,2208,13.321853637695313,9.621742248535156,11.423202514648438,36.09351348876953,34.364158630371094,26.55872344970703,6.0923309326171875,4.040107727050781,6.93499755859375,10.281562805175781,5.428581237792969,6.3790435791015625,3439.4853515625,28927.417724609375,24672.96661376953,169.4500732421875,34156867584,10737418240,22063505408,0
200,1741708751398,2208,2208,2208,2208,2208,2208,2208,2208,2208,2208,2208,2208,12.329277038574219,5.072532653808594,20.48662567138672,22.463905334472656,22.11560821533203,7.9175262451171875,21.07244873046875,14.467483520507813,6.542633056640625,3.2006607055664063,13.709915161132813,14.883613586425781,3439.8096313476563,28931.303100585938,24676.47625732422,169.45159912109375,34156867584,10737418240,22063681536,0
199,1741708751599,2208,2208,2208,2208,2208,2208,2208,2208,2208,2208,2208,2208,6.288055419921875,3.5750579833984375,4.108619689941406,7.422859191894531,21.176742553710938,7.354881286621094,6.553382873535156,4.978790283203125,6.159423828125,2.6492843627929688,7.613502502441406,4.863731384277344,3440.1151733398438,28932.033630371094,24676.884643554688,169.45159912109375,34156867584,10737418240,22063349760,0
200,1741708751799,2208,2208,2208,2208,2208,2208,2208,2208,2208,2208,2208,2208,10.021736145019531,3.4189529418945313,5.969932556152344,5.144767761230469,11.431930541992188,7.819343566894531,10.615806579589844,1.881134033203125,7.194236755371094,6.8896484375,5.765174865722656,7.64849853515625,3440.4100341796875,28933.1142578125,24677.605407714844,169.46063232421875,34156867584,10737418240,22061379584,0
200,1741708752000,2208,2208,2208,2208,2208,2208,2208,2208,2208,2208,2208,2208,10.277114868164063,8.463508605957031,11.688087463378906,5.23394775390625,12.373924255371094,9.463005065917969,12.988365173339844,2.8896331787109375,10.480331420898438,2.4559402465820313,5.72125244140625,4.695884704589844,3440.7396240234375,28934.744750976563,24678.869873046875,169.472412109375,34156867584,10737418240,22059954176,0
200,1741708752200,2208,2208,2208,2208,2208,2208,2208,2208,2208,2208,2208,2208,9.519149780273438,6.173622131347656,4.636238098144531,4.228111267089844,11.263771057128906,7.517608642578125,11.952507019042969,4.1214447021484375,12.089820861816406,8.739837646484375,6.291786193847656,5.6773681640625,3441.0673217773438,28936.501037597656,24680.269958496094,169.4827880859375,34156867584,10737418240,22040576000,0
200,1741708752401,2208,2208,2208,2208,2208,2208,2208,2208,2208,2208,2208,2208,6.9412994384765625,2.1713638305664063,5.040863037109375,5.3840789794921875,17.409378051757813,8.927215576171875,11.149566650390625,2.532958984375,9.672248840332031,2.4765777587890625,3.500640869140625,2.7408828735351563,3441.3933715820313,28937.65740966797,24681.065307617188,169.49365234375,34156867584,10737418240,22030708736,0
200,1741708752601,2208,2208,2208,2208,2208,2208,2208,2208,2208,2208,2208,2208,5.318809509277344,3.8318939208984375,6.807807922363281,6.1319580078125,14.224830627441406,8.000892639160156,17.43463897705078,5.620429992675781,14.019752502441406,3.2898101806640625,8.903289794921875,5.478416442871094,3441.717041015625,28938.51531982422,24681.561584472656,169.50335693359375,34156867584,10737418240,22028632064,0
200,1741708752802,2208,2208,2208,2208,2208,2208,2208,2208,2208,2208,2208,2208,8.077522277832031,4.348197937011719,7.04522705078125,5.878700256347656,12.856307983398438,8.073204040527344,18.792320251464844,5.222434997558594,10.086067199707031,2.4769363403320313,6.770057678222656,4.8163299560546875,3442.0452880859375,28939.99774169922,24682.68426513672,169.5126953125,34156867584,10737418240,22029848576,0
200,1741708753003,2208,2208,2208,2208,2208,2208,2208,2208,2208,2208,2208,2208,10.494155883789063,2.003204345703125,10.852119445800781,8.897514343261719,14.569877624511719,12.618087768554688,11.447593688964844,4.331977844238281,20.310935974121094,4.7540740966796875,5.745750427246094,5.838157653808594,3442.3623046875,28940.789978027344,24683.121826171875,169.5218505859375,34156867584,10737418240,22027935744,0
199,1741708753204,2208,2208,2208,2208,2208,2208,2208,2208,2208,2208,2208,2208,5.830421447753906,8.446929931640625,5.876762390136719,7.622367858886719,21.84056854248047,7.041664123535156,5.234840393066406,4.510650634765625,6.367210388183594,4.843299865722656,3.2293930053710938,3.961517333984375,3442.6519165039063,28941.60626220703,24683.606994628906,169.5218505859375,34156867584,10737418240,22027284480,0
199,1741708753404,2208,2208,2208,2208,2208,2208,2208,2208,2208,2208,2208,2208,3.3963241577148438,1.151641845703125,2.8303604125976563,3.9812240600585938,16.15802001953125,3.7089309692382813,4.892021179199219,3.0277481079101563,3.54522705078125,1.9523773193359375,3.2021026611328125,3.6110916137695313,3442.954345703125,28942.51190185547,24684.175231933594,169.5218505859375,34156867584,10737418240,22027821056,0
200,1741708753604,2208,2208,2208,2208,2208,2208,2208,2208,2208,2208,2208,2208,6.6015167236328125,4.514213562011719,5.750579833984375,7.1983184814453125,15.769172668457031,5.556816101074219,4.962013244628906,3.432220458984375,9.781494140625,18.65081787109375,5.787757873535156,5.370155334472656,3443.244384765625,28944.067138671875,24685.399047851563,169.52294921875,34156867584,10737418240,22038732800,0
200,1741708753805,2208,2208,2208,2208,2208,2208,2208,2208,2208,2208,2208,2208,3.8062286376953125,2.2114944458007813,4.864471435546875,4.979667663574219,9.906105041503906,5.717674255371094,8.400871276855469,3.138916015625,5.021934509277344,2.6293182373046875,3.9071884155273438,4.362907409667969,3443.540283203125,28945.103271484375,24686.10723876953,169.52294921875,34156867584,10737418240,22042599424,0
200,1741708754005,2208,2208,2208,2208,2208,2208,2208,2208,2208,2208,2208,2208,10.278724670410156,2.0202407836914063,4.737281799316406,8.71905517578125,15.343368530273438,6.64508056640625,5.7564544677734375,4.9245758056640625,5.596527099609375,4.400199890136719,5.720916748046875,5.5692138671875,3443.8298950195313,28946.06280517578,24686.7333984375,169.52410888671875,34156867584,10737418240,22043152384,0
199,1741708754206,2208,2208,2208,2208,2208,2208,2208,2208,2208,2208,2208,2208,7.99383544921875,6.1584014892578125,4.446685791015625,9.454666137695313,20.34002685546875,8.431190490722656,6.5269622802734375,5.0020904541015625,6.626380920410156,3.5467681884765625,3.771270751953125,4.1044158935546875,3444.1451416015625,28947.39373779297,24687.710083007813,169.52410888671875,34156867584,10737418240,22043357184,0
200,1741708754406,2208,2208,2208,2208,2208,2208,2208,2208,2208,2208,2208,2208,7.877311706542969,2.8189468383789063,7.744758605957031,10.602684020996094,13.846389770507813,8.001487731933594,4.5367279052734375,5.420402526855469,11.363533020019531,4.7710723876953125,6.4892120361328125,6.49774169921875,3444.4273681640625,28948.042236328125,24688.034423828125,169.52410888671875,34156867584,10737418240,22042570752,0
199,1741708754607,2208,2208,2208,2208,2208,2208,2208,2208,2208,2208,2208,2208,6.165435791015625,0.6773757934570313,4.539833068847656,4.954551696777344,11.095687866210938,4.6597900390625,6.712188720703125,2.3016204833984375,3.8299560546875,2.236053466796875,3.4916229248046875,2.7476806640625,3444.7286376953125,28948.83172607422,24688.480041503906,169.52545166015625,34156867584,10737418240,22043131904,0
200,1741708754807,2208,2208,2208,2208,2208,2208,2208,2208,2208,2208,2208,2208,12.90130615234375,1.44110107421875,13.115814208984375,2.1223220825195313,29.67353057861328,1.7818145751953125,6.038970947265625,5.714851379394531,6.2883148193359375,17.595474243164063,11.534439086914063,1.9271163940429688,3445.0201416015625,28954.56231689453,24692.775756835938,169.52545166015625,34156867584,10737418240,22064381952,0
200,1741708755007,2208,2208,2208,2208,2208,2208,2208,2208,2208,2208,2208,2208,4.263397216796875,36.15279769897461,1.5438079833984375,7.822776794433594,10.554084777832031,5.3913421630859375,4.0760345458984375,1.9516143798828125,4.213752746582031,2.3163375854492188,2.86767578125,1.992706298828125,3445.312255859375,28957.544494628906,24694.78436279297,169.52545166015625,34156867584,10737418240,22063390720,0
200,1741708755208,2208,2208,2208,2208,2208,2208,2208,2208,2208,2208,2208,2208,4.41156005859375,4.905189514160156,3.3361358642578125,4.2576904296875,7.7324676513671875,23.95068359375,43.332454681396484,2.2478713989257813,4.7026824951171875,2.9797515869140625,3.2506103515625,2.8388748168945313,3445.60302734375,28961.275024414063,24697.18182373047,169.52685546875,34156867584,10737418240,22063939584,0
199,1741708755408,2208,2208,2208,2208,2208,2208,2208,2208,2208,2208,2208,2208,12.144340515136719,1.3716506958007813,3.11016845703125,3.15570068359375,5.262176513671875,15.33941650390625,5.254981994628906,4.976127624511719,2.2265701293945313,71.67577362060547,10.207366943359375,2.6372604370117188,3445.8693237304688,28967.180603027344,24701.5498046875,169.52685546875,34156867584,10737418240,22063480832,0
199,1741708755609,2208,2208,2208,2208,2208,2208,2208,2208,2208,2208,2208,2208,7.782196044921875,6.4373321533203125,5.129608154296875,5.177131652832031,11.0528564453125,3.4683990478515625,4.728889465332031,3.9944305419921875,6.45123291015625,2.714111328125,7.135009765625,4.501129150390625,3446.1768188476563,28968.571655273438,24702.595947265625,169.52801513671875,34156867584,10737418240,22062931968,0
200,1741708755809,2208,2208,2208,2208,2208,2208,2208,2208,2208,2208,2208,2208,6.664276123046875,3.2779693603515625,7.0218505859375,5.823333740234375,15.864425659179688,8.161773681640625,17.642349243164063,3.4025115966796875,15.507797241210938,3.580047607421875,7.229583740234375,5.526161193847656,3446.50732421875,28969.95916748047,24703.56719970703,169.53643798828125,34156867584,10737418240,22063050752,0
200,1741708756009,2208,2208,2208,2208,2208,2208,2208,2208,2208,2208,2208,2208,14.373237609863281,34.26670837402344,15.516273498535156,30.870521545410156,29.87828826904297,18.641822814941406,22.654991149902344,11.226982116699219,32.329193115234375,9.1376953125,14.966133117675781,12.114036560058594,3446.923095703125,28973.89715576172,24707.095336914063,169.5465087890625,34156867584,10737418240,22060978176,0
200,1741708756209,2208,2208,2208,2208,2208,2208,2208,2208,2208,2208,2208,2208,9.31646728515625,5.7282562255859375,13.53936767578125,12.217330932617188,19.447830200195313,5.690040588378906,20.79192352294922,7.551338195800781,9.469100952148438,4.170249938964844,12.938385009765625,10.094871520996094,3447.2633666992188,28976.862243652344,24709.67608642578,169.55755615234375,34156867584,10737418240,22053720064,0
200,1741708756410,2208,2208,2208,2208,2208,2208,2208,2208,2208,2208,2208,2208,9.477195739746094,3.4716949462890625,4.387603759765625,6.22540283203125,15.220268249511719,6.899421691894531,15.241409301757813,4.0857391357421875,8.511932373046875,2.1007766723632813,4.376686096191406,3.3597259521484375,3447.5999755859375,28977.998596191406,24710.444580078125,169.5677490234375,34156867584,10737418240,22050295808,0
200,1741708756611,2208,2208,2208,2208,2208,2208,2208,2208,2208,2208,2208,2208,10.576248168945313,2.6034774780273438,9.656394958496094,9.240669250488281,21.44195556640625,5.3409576416015625,12.591567993164063,3.313995361328125,8.947639465332031,2.3411331176757813,7.0966796875,4.01678466796875,3447.9326171875,28979.14373779297,24711.21405029297,169.578857421875,34156867584,10737418240,22048219136,0
200,1741708756811,2208,2208,2208,2208,2208,2208,2208,2208,2208,2208,2208,2208,8.679939270019531,4.798736572265625,7.038124084472656,7.0567779541015625,20.31298828125,12.641128540039063,21.12299346923828,4.957542419433594,9.860404968261719,3.9661712646484375,5.307090759277344,5.0852203369140625,3448.2640991210938,28980.016235351563,24711.712646484375,169.5909423828125,34156867584,10737418240,22048313344,0
199,1741708757012,2208,2208,2208,2208,2208,2208,2208,2208,2208,2208,2208,2208,10.80950927734375,3.908203125,8.590278625488281,9.078643798828125,22.177024841308594,6.303558349609375,20.912490844726563,3.2009048461914063,11.800025939941406,5.78045654296875,9.068473815917969,5.904411315917969,3448.5805053710938,28980.830688476563,24712.309143066406,169.59881591796875,34156867584,10737418240,22046433280,0
200,1741708757212,2208,2208,2208,2208,2208,2208,2208,2208,2208,2208,2208,2208,10.104995727539063,3.7011184692382813,4.63726806640625,13.345130920410156,11.951087951660156,4.8016204833984375,7.180152893066406,2.2087860107421875,7.0567626953125,4.142845153808594,4.799476623535156,4.4079437255859375,3448.9205932617188,28983.413513183594,24714.38116455078,169.60028076171875,34156867584,10737418240,22038556672,0
200,1741708757413,2208,2208,2208,2208,2208,2208,2208,2208,2208,2208,2208,2208,9.004264831542969,3.997833251953125,6.629791259765625,8.425834655761719,14.02020263671875,6.481475830078125,14.989349365234375,4.578544616699219,14.948692321777344,3.9309310913085938,10.045707702636719,4.985374450683594,3449.23828125,28984.299560546875,24714.90350341797,169.60028076171875,34156867584,10737418240,22037458944,0
199,1741708757614,2208,2208,2208,2208,2208,2208,2208,2208,2208,2208,2208,2208,8.387657165527344,4.586280822753906,4.0274505615234375,6.8144989013671875,10.147026062011719,5.897125244140625,8.704666137695313,6.39788818359375,7.011512756347656,4.410621643066406,5.9754180908203125,8.026557922363281,3449.5372314453125,28985.163208007813,24715.4267578125,169.60028076171875,34156867584,10737418240,22038097920,0
200,1741708757814,2208,2208,2208,2208,2208,2208,2208,2208,2208,2208,2208,2208,13.100395202636719,4.3183135986328125,7.853240966796875,19.835433959960938,10.72003173828125,5.149833679199219,6.9610443115234375,5.100151062011719,4.338386535644531,3.7408599853515625,2.45806884765625,2.52203369140625,3449.8494262695313,28986.451538085938,24716.360107421875,169.6021728515625,34156867584,10737418240,22046613504,0
199,1741708758015,2208,2208,2208,2208,2208,2208,2208,2208,2208,2208,2208,2208,5.248344421386719,2.9405975341796875,4.305732727050781,6.922599792480469,11.498176574707031,6.816627502441406,4.01312255859375,5.038261413574219,7.4191436767578125,3.7768478393554688,7.500984191894531,4.944305419921875,3450.1583251953125,28987.304077148438,24716.86407470703,169.6021728515625,34156867584,10737418240,22045356032,0
200,1741708758215,2208,2208,2208,2208,2208,2208,2208,2208,2208,2208,2208,2208,14.868370056152344,8.197708129882813,3.3657760620117188,3.3682098388671875,31.199783325195313,2.06689453125,10.141868591308594,0.6474533081054688,15.9586181640625,34.22264862060547,2.9710845947265625,1.5613250732421875,3450.4771728515625,28991.918884277344,24721.11590576172,169.6021728515625,34156867584,10737418240,22045536256,0
199,1741708758415,2208,2208,2208,2208,2208,2208,2208,2208,2208,2208,2208,2208,14.258842468261719,6.6335601806640625,16.797348022460938,18.405776977539063,17.898101806640625,19.59497833251953,13.979034423828125,11.461738586425781,15.516082763671875,14.562660217285156,8.579185485839844,6.345123291015625,3450.8218994140625,28995.584899902344,24724.403381347656,169.603759765625,34156867584,10737418240,22040309760,0
200,1741708758615,2208,2208,2208,2208,2208,2208,2208,2208,2208,2208,2208,2208,13.782814025878906,4.6277923583984375,5.017890930175781,6.05511474609375,13.731208801269531,13.893234252929688,7.0250091552734375,2.4289398193359375,4.21142578125,3.209808349609375,5.4004058837890625,5.564979553222656,3451.1072998046875,28997.099853515625,24725.596557617188,169.603759765625,34156867584,10737418240,22050664448,0
199,1741708758816,2208,2208,2208,2208,2208,2208,2208,2208,2208,2208,2208,2208,7.86614990234375,4.912757873535156,4.091575622558594,8.470100402832031,17.251953125,9.306228637695313,6.8247833251953125,6.2481689453125,7.966438293457031,6.576545715332031,4.9718475341796875,4.177764892578125,3451.4166259765625,28997.91241455078,24726.055236816406,169.605224609375,34156867584,10737418240,22051729408,0
200,1741708759017,2208,2208,2208,2208,2208,2208,2208,2208,2208,2208,2208,2208,7.572059631347656,4.1234130859375,7.4951324462890625,10.128181457519531,17.066680908203125,6.800941467285156,6.286979675292969,4.765472412109375,6.354705810546875,7.485069274902344,4.645477294921875,6.3650665283203125,3451.705322265625,28998.836669921875,24726.650634765625,169.605224609375,34156867584,10737418240,22051098624,0
199,1741708759218,2208,2208,2208,2208,2208,2208,2208,2208,2208,2208,2208,2208,7.1656951904296875,8.700981140136719,2.3809432983398438,6.543785095214844,10.87640380859375,4.840789794921875,3.773193359375,1.7678451538085938,4.747894287109375,3.3633499145507813,3.3517227172851563,4.845771789550781,3451.9937744140625,28999.641723632813,24727.127502441406,169.605224609375,34156867584,10737418240,22050164736,0
199,1741708759417,2208,2208,2208,2208,2208,2208,2208,2208,2208,2208,2208,2208,7.893280029296875,4.560813903808594,5.423980712890625,8.771232604980469,17.619972229003906,8.856986999511719,9.482131958007813,4.3007965087890625,8.125801086425781,7.6331024169921875,7.5843353271484375,8.996231079101563,3452.276123046875,29000.499877929688,24727.661682128906,169.6065673828125,34156867584,10737418240,22050697216,0
199,1741708759618,2208,2208,2208,2208,2208,2208,2208,2208,2208,2208,2208,2208,6.5795135498046875,3.8894500732421875,4.957862854003906,6.417594909667969,16.23492431640625,4.968513488769531,8.599845886230469,3.93682861328125,7.322425842285156,4.324714660644531,8.645317077636719,4.550346374511719,3452.5794677734375,29001.386840820313,24728.20086669922,169.6065673828125,34156867584,10737418240,22050693120,0
200,1741708759818,2208,2208,2208,2208,2208,2208,2208,2208,2208,2208,2208,2208,17.35809326171875,4.4194183349609375,7.01812744140625,14.209396362304688,19.303085327148438,6.9276275634765625,14.923812866210938,5.944183349609375,10.655746459960938,8.95758056640625,14.632026672363281,5.214439392089844,3452.9033813476563,29002.49395751953,24728.94317626953,169.61602783203125,34156867584,10737418240,22048698368,0
200,1741708760018,2208,2208,2208,2208,2208,2208,2208,2208,2208,2208,2208,2208,11.912422180175781,4.760284423828125,5.6008453369140625,7.614585876464844,11.169319152832031,4.801490783691406,10.825492858886719,2.12139892578125,7.1397705078125,5.031044006347656,7.959724426269531,4.6429290771484375,3453.2241821289063,29004.707580566406,24730.790161132813,169.62677001953125,34156867584,10737418240,22047068160,0
200,1741708760219,2208,2208,2208,2208,2208,2208,2208,2208,2208,2208,2208,2208,6.968528747558594,2.2322769165039063,5.423492431640625,7.008659362792969,14.999305725097656,3.9617385864257813,8.548789978027344,2.9228668212890625,8.298233032226563,5.833992004394531,18.3905029296875,4.184356689453125,3453.5758056640625,29006.29754638672,24732.00518798828,169.6373291015625,34156867584,10737418240,22044823552,0
200,1741708760420,2208,2208,2208,2208,2208,2208,2208,2208,2208,2208,2208,2208,17.53655242919922,15.997459411621094,9.505805969238281,12.035377502441406,15.480308532714844,9.5750732421875,15.10345458984375,5.417610168457031,13.675392150878906,5.699607849121094,8.775428771972656,5.597801208496094,3453.9065551757813,29007.262634277344,24732.600158691406,169.64752197265625,34156867584,10737418240,22042066944,0
199,1741708760620,2208,2208,2208,2208,2208,2208,2208,2208,2208,2208,2208,2208,12.715423583984375,6.319374084472656,3.8104782104492188,13.318084716796875,25.002548217773438,4.790977478027344,14.259109497070313,2.6988067626953125,11.015243530273438,5.125907897949219,9.583198547363281,7.753204345703125,3454.2265625,29008.127990722656,24733.103637695313,169.657958984375,34156867584,10737418240,22040457216,0
11,1741708760821,2208,2208,2208,2208,2208,2208,2208,2208,2208,2208,2208,2208,11.042045593261719,6.1519927978515625,5.7573394775390625,9.067207336425781,22.484344482421875,5.015037536621094,13.922317504882813,4.004524230957031,6.528289794921875,4.460411071777344,5.745941162109375,5.7109527587890625,3454.5535888671875,29009.95721435547,24734.574340820313,169.67138671875,34156867584,10737418240,22048780288,0
